accent,word,n_occurrences,n_missed,n_substituted,n_errors,error_rate,missed_rate,substituted_rate
arabic,snake,30,1,11,12,0.4,0.03333333333333333,0.36666666666666664
arabic,stella,30,0,8,8,0.26666666666666666,0.0,0.26666666666666666
arabic,three,30,4,4,8,0.26666666666666666,0.13333333333333333,0.13333333333333333
arabic,five,30,3,4,7,0.23333333333333334,0.1,0.13333333333333333
arabic,bob,30,1,6,7,0.23333333333333334,0.03333333333333333,0.2
arabic,bags,30,2,5,7,0.23333333333333334,0.06666666666666667,0.16666666666666666
arabic,with,30,2,4,6,0.2,0.06666666666666667,0.13333333333333333
arabic,six,30,2,4,6,0.2,0.06666666666666667,0.13333333333333333
arabic,big,30,1,5,6,0.2,0.03333333333333333,0.16666666666666666
arabic,frog,30,1,5,6,0.2,0.03333333333333333,0.16666666666666666
arabic,she,30,2,4,6,0.2,0.06666666666666667,0.13333333333333333
arabic,into,30,2,4,6,0.2,0.06666666666666667,0.13333333333333333
arabic,red,30,2,4,6,0.2,0.06666666666666667,0.13333333333333333
arabic,will,30,2,4,6,0.2,0.06666666666666667,0.13333333333333333
arabic,go,30,2,4,6,0.2,0.06666666666666667,0.13333333333333333
arabic,meet,30,2,4,6,0.2,0.06666666666666667,0.13333333333333333
arabic,wednesday,30,2,4,6,0.2,0.06666666666666667,0.13333333333333333
arabic,at,30,3,3,6,0.2,0.1,0.1
arabic,train,30,3,3,6,0.2,0.1,0.1
arabic,station,30,3,3,6,0.2,0.1,0.1
arabic,her,120,6,16,22,0.18333333333333332,0.05,0.13333333333333333
arabic,these,60,2,9,11,0.18333333333333332,0.03333333333333333,0.15
arabic,for,60,3,8,11,0.18333333333333332,0.05,0.13333333333333333
arabic,we,60,3,8,11,0.18333333333333332,0.05,0.13333333333333333
arabic,the,90,5,11,16,0.17777777777777778,0.05555555555555555,0.12222222222222222
arabic,and,90,4,12,16,0.17777777777777778,0.044444444444444446,0.13333333333333333
arabic,from,30,0,5,5,0.16666666666666666,0.0,0.16666666666666666
arabic,spoons,30,0,5,5,0.16666666666666666,0.0,0.16666666666666666
arabic,peas,30,0,5,5,0.16666666666666666,0.0,0.16666666666666666
arabic,thick,30,1,4,5,0.16666666666666666,0.03333333333333333,0.13333333333333333
arabic,slabs,30,1,4,5,0.16666666666666666,0.03333333333333333,0.13333333333333333
arabic,blue,30,1,4,5,0.16666666666666666,0.03333333333333333,0.13333333333333333
arabic,cheese,30,1,4,5,0.16666666666666666,0.03333333333333333,0.13333333333333333
arabic,maybe,30,1,4,5,0.16666666666666666,0.03333333333333333,0.13333333333333333
arabic,a,90,3,12,15,0.16666666666666666,0.03333333333333333,0.13333333333333333
arabic,snack,30,1,4,5,0.16666666666666666,0.03333333333333333,0.13333333333333333
arabic,also,30,1,4,5,0.16666666666666666,0.03333333333333333,0.13333333333333333
arabic,need,30,1,4,5,0.16666666666666666,0.03333333333333333,0.13333333333333333
arabic,small,30,1,4,5,0.16666666666666666,0.03333333333333333,0.13333333333333333
arabic,plastic,30,1,4,5,0.16666666666666666,0.03333333333333333,0.13333333333333333
arabic,toy,30,1,4,5,0.16666666666666666,0.03333333333333333,0.13333333333333333
arabic,kids,30,2,3,5,0.16666666666666666,0.06666666666666667,0.1
arabic,can,30,1,4,5,0.16666666666666666,0.03333333333333333,0.13333333333333333
arabic,scoop,30,2,3,5,0.16666666666666666,0.06666666666666667,0.1
arabic,things,60,2,7,9,0.15,0.03333333333333333,0.11666666666666667
arabic,of,60,1,8,9,0.15,0.016666666666666666,0.13333333333333333
arabic,please,30,0,4,4,0.13333333333333333,0.0,0.13333333333333333
arabic,call,30,0,4,4,0.13333333333333333,0.0,0.13333333333333333
arabic,ask,30,0,4,4,0.13333333333333333,0.0,0.13333333333333333
arabic,to,30,0,4,4,0.13333333333333333,0.0,0.13333333333333333
arabic,bring,30,0,4,4,0.13333333333333333,0.0,0.13333333333333333
arabic,store,30,0,4,4,0.13333333333333333,0.0,0.13333333333333333
arabic,fresh,30,0,4,4,0.13333333333333333,0.0,0.13333333333333333
arabic,snow,30,0,4,4,0.13333333333333333,0.0,0.13333333333333333
arabic,brother,30,1,3,4,0.13333333333333333,0.03333333333333333,0.1
english_uk,will,30,4,2,6,0.2,0.13333333333333333,0.06666666666666667
english_uk,with,30,0,4,4,0.13333333333333333,0.0,0.13333333333333333
english_uk,we,60,1,7,8,0.13333333333333333,0.016666666666666666,0.11666666666666667
english_uk,from,30,0,3,3,0.1,0.0,0.1
english_uk,spoons,30,0,3,3,0.1,0.0,0.1
english_uk,snow,30,0,3,3,0.1,0.0,0.1
english_uk,five,30,0,3,3,0.1,0.0,0.1
english_uk,also,30,2,1,3,0.1,0.06666666666666667,0.03333333333333333
english_uk,into,30,0,3,3,0.1,0.0,0.1
english_uk,the,90,3,5,8,0.08888888888888889,0.03333333333333333,0.05555555555555555
english_uk,her,120,1,9,10,0.08333333333333333,0.008333333333333333,0.075
english_uk,and,90,1,6,7,0.07777777777777778,0.011111111111111112,0.06666666666666667
english_uk,please,30,0,2,2,0.06666666666666667,0.0,0.06666666666666667
english_uk,call,30,0,2,2,0.06666666666666667,0.0,0.06666666666666667
english_uk,ask,30,0,2,2,0.06666666666666667,0.0,0.06666666666666667
english_uk,to,30,0,2,2,0.06666666666666667,0.0,0.06666666666666667
english_uk,bring,30,0,2,2,0.06666666666666667,0.0,0.06666666666666667
english_uk,these,60,0,4,4,0.06666666666666667,0.0,0.06666666666666667
english_uk,things,60,0,4,4,0.06666666666666667,0.0,0.06666666666666667
english_uk,store,30,0,2,2,0.06666666666666667,0.0,0.06666666666666667
english_uk,six,30,0,2,2,0.06666666666666667,0.0,0.06666666666666667
english_uk,of,60,0,4,4,0.06666666666666667,0.0,0.06666666666666667
english_uk,fresh,30,0,2,2,0.06666666666666667,0.0,0.06666666666666667
english_uk,peas,30,0,2,2,0.06666666666666667,0.0,0.06666666666666667
english_uk,thick,30,0,2,2,0.06666666666666667,0.0,0.06666666666666667
english_uk,slabs,30,0,2,2,0.06666666666666667,0.0,0.06666666666666667
english_uk,blue,30,0,2,2,0.06666666666666667,0.0,0.06666666666666667
english_uk,cheese,30,0,2,2,0.06666666666666667,0.0,0.06666666666666667
english_uk,maybe,30,0,2,2,0.06666666666666667,0.0,0.06666666666666667
english_uk,snack,30,0,2,2,0.06666666666666667,0.0,0.06666666666666667
english_uk,for,60,0,4,4,0.06666666666666667,0.0,0.06666666666666667
english_uk,brother,30,0,2,2,0.06666666666666667,0.0,0.06666666666666667
english_uk,bob,30,0,2,2,0.06666666666666667,0.0,0.06666666666666667
english_uk,need,30,1,1,2,0.06666666666666667,0.03333333333333333,0.03333333333333333
english_uk,small,30,0,2,2,0.06666666666666667,0.0,0.06666666666666667
english_uk,plastic,30,0,2,2,0.06666666666666667,0.0,0.06666666666666667
english_uk,snake,30,0,2,2,0.06666666666666667,0.0,0.06666666666666667
english_uk,big,30,0,2,2,0.06666666666666667,0.0,0.06666666666666667
english_uk,toy,30,0,2,2,0.06666666666666667,0.0,0.06666666666666667
english_uk,frog,30,0,2,2,0.06666666666666667,0.0,0.06666666666666667
english_uk,kids,30,0,2,2,0.06666666666666667,0.0,0.06666666666666667
english_uk,she,30,0,2,2,0.06666666666666667,0.0,0.06666666666666667
english_uk,can,30,0,2,2,0.06666666666666667,0.0,0.06666666666666667
english_uk,scoop,30,0,2,2,0.06666666666666667,0.0,0.06666666666666667
english_uk,three,30,0,2,2,0.06666666666666667,0.0,0.06666666666666667
english_uk,red,30,0,2,2,0.06666666666666667,0.0,0.06666666666666667
english_uk,bags,30,0,2,2,0.06666666666666667,0.0,0.06666666666666667
english_uk,go,30,0,2,2,0.06666666666666667,0.0,0.06666666666666667
english_uk,meet,30,0,2,2,0.06666666666666667,0.0,0.06666666666666667
english_uk,wednesday,30,0,2,2,0.06666666666666667,0.0,0.06666666666666667
english_uk,at,30,1,1,2,0.06666666666666667,0.03333333333333333,0.03333333333333333
english_uk,train,30,1,1,2,0.06666666666666667,0.03333333333333333,0.03333333333333333
english_uk,station,30,1,1,2,0.06666666666666667,0.03333333333333333,0.03333333333333333
english_uk,a,90,0,5,5,0.05555555555555555,0.0,0.05555555555555555
english_uk,stella,30,0,0,0,0.0,0.0,0.0
english_us,small,30,2,0,2,0.06666666666666667,0.06666666666666667,0.0
english_us,with,30,0,1,1,0.03333333333333333,0.0,0.03333333333333333
english_us,from,30,1,0,1,0.03333333333333333,0.03333333333333333,0.0
english_us,maybe,30,1,0,1,0.03333333333333333,0.03333333333333333,0.0
english_us,snack,30,1,0,1,0.03333333333333333,0.03333333333333333,0.0
english_us,brother,30,1,0,1,0.03333333333333333,0.03333333333333333,0.0
english_us,bob,30,1,0,1,0.03333333333333333,0.03333333333333333,0.0
english_us,we,60,1,1,2,0.03333333333333333,0.016666666666666666,0.016666666666666666
english_us,also,30,1,0,1,0.03333333333333333,0.03333333333333333,0.0
english_us,need,30,1,0,1,0.03333333333333333,0.03333333333333333,0.0
english_us,plastic,30,1,0,1,0.03333333333333333,0.03333333333333333,0.0
english_us,snake,30,1,0,1,0.03333333333333333,0.03333333333333333,0.0
english_us,she,30,0,1,1,0.03333333333333333,0.0,0.03333333333333333
english_us,will,30,1,0,1,0.03333333333333333,0.03333333333333333,0.0
english_us,go,30,1,0,1,0.03333333333333333,0.03333333333333333,0.0
english_us,and,90,2,0,2,0.022222222222222223,0.022222222222222223,0.0
english_us,a,90,2,0,2,0.022222222222222223,0.022222222222222223,0.0
english_us,these,60,0,1,1,0.016666666666666666,0.0,0.016666666666666666
english_us,for,60,1,0,1,0.016666666666666666,0.016666666666666666,0.0
english_us,the,90,1,0,1,0.011111111111111112,0.011111111111111112,0.0
english_us,her,120,1,0,1,0.008333333333333333,0.008333333333333333,0.0
english_us,please,30,0,0,0,0.0,0.0,0.0
english_us,call,30,0,0,0,0.0,0.0,0.0
english_us,stella,30,0,0,0,0.0,0.0,0.0
english_us,ask,30,0,0,0,0.0,0.0,0.0
english_us,to,30,0,0,0,0.0,0.0,0.0
english_us,bring,30,0,0,0,0.0,0.0,0.0
english_us,things,60,0,0,0,0.0,0.0,0.0
english_us,store,30,0,0,0,0.0,0.0,0.0
english_us,six,30,0,0,0,0.0,0.0,0.0
english_us,spoons,30,0,0,0,0.0,0.0,0.0
english_us,of,60,0,0,0,0.0,0.0,0.0
english_us,fresh,30,0,0,0,0.0,0.0,0.0
english_us,snow,30,0,0,0,0.0,0.0,0.0
english_us,peas,30,0,0,0,0.0,0.0,0.0
english_us,five,30,0,0,0,0.0,0.0,0.0
english_us,thick,30,0,0,0,0.0,0.0,0.0
english_us,slabs,30,0,0,0,0.0,0.0,0.0
english_us,blue,30,0,0,0,0.0,0.0,0.0
english_us,cheese,30,0,0,0,0.0,0.0,0.0
english_us,big,30,0,0,0,0.0,0.0,0.0
english_us,toy,30,0,0,0,0.0,0.0,0.0
english_us,frog,30,0,0,0,0.0,0.0,0.0
english_us,kids,30,0,0,0,0.0,0.0,0.0
english_us,can,30,0,0,0,0.0,0.0,0.0
english_us,scoop,30,0,0,0,0.0,0.0,0.0
english_us,into,30,0,0,0,0.0,0.0,0.0
english_us,three,30,0,0,0,0.0,0.0,0.0
english_us,red,30,0,0,0,0.0,0.0,0.0
english_us,bags,30,0,0,0,0.0,0.0,0.0
english_us,meet,30,0,0,0,0.0,0.0,0.0
english_us,wednesday,30,0,0,0,0.0,0.0,0.0
english_us,at,30,0,0,0,0.0,0.0,0.0
english_us,train,30,0,0,0,0.0,0.0,0.0
english_us,station,30,0,0,0,0.0,0.0,0.0
hindi,six,18,2,0,2,0.1111111111111111,0.1111111111111111,0.0
hindi,five,18,2,0,2,0.1111111111111111,0.1111111111111111,0.0
hindi,slabs,18,0,2,2,0.1111111111111111,0.0,0.1111111111111111
hindi,kids,18,0,1,1,0.05555555555555555,0.0,0.05555555555555555
hindi,scoop,18,0,1,1,0.05555555555555555,0.0,0.05555555555555555
hindi,into,18,0,1,1,0.05555555555555555,0.0,0.05555555555555555
hindi,three,18,1,0,1,0.05555555555555555,0.05555555555555555,0.0
hindi,will,18,1,0,1,0.05555555555555555,0.05555555555555555,0.0
hindi,we,36,0,1,1,0.027777777777777776,0.0,0.027777777777777776
hindi,please,18,0,0,0,0.0,0.0,0.0
hindi,call,18,0,0,0,0.0,0.0,0.0
hindi,stella,18,0,0,0,0.0,0.0,0.0
hindi,ask,18,0,0,0,0.0,0.0,0.0
hindi,her,72,0,0,0,0.0,0.0,0.0
hindi,to,18,0,0,0,0.0,0.0,0.0
hindi,bring,18,0,0,0,0.0,0.0,0.0
hindi,these,36,0,0,0,0.0,0.0,0.0
hindi,things,36,0,0,0,0.0,0.0,0.0
hindi,with,18,0,0,0,0.0,0.0,0.0
hindi,from,18,0,0,0,0.0,0.0,0.0
hindi,the,54,0,0,0,0.0,0.0,0.0
hindi,store,18,0,0,0,0.0,0.0,0.0
hindi,spoons,18,0,0,0,0.0,0.0,0.0
hindi,of,36,0,0,0,0.0,0.0,0.0
hindi,fresh,18,0,0,0,0.0,0.0,0.0
hindi,snow,18,0,0,0,0.0,0.0,0.0
hindi,peas,18,0,0,0,0.0,0.0,0.0
hindi,thick,18,0,0,0,0.0,0.0,0.0
hindi,blue,18,0,0,0,0.0,0.0,0.0
hindi,cheese,18,0,0,0,0.0,0.0,0.0
hindi,and,54,0,0,0,0.0,0.0,0.0
hindi,maybe,18,0,0,0,0.0,0.0,0.0
hindi,a,54,0,0,0,0.0,0.0,0.0
hindi,snack,18,0,0,0,0.0,0.0,0.0
hindi,for,36,0,0,0,0.0,0.0,0.0
hindi,brother,18,0,0,0,0.0,0.0,0.0
hindi,bob,18,0,0,0,0.0,0.0,0.0
hindi,also,18,0,0,0,0.0,0.0,0.0
hindi,need,18,0,0,0,0.0,0.0,0.0
hindi,small,18,0,0,0,0.0,0.0,0.0
hindi,plastic,18,0,0,0,0.0,0.0,0.0
hindi,snake,18,0,0,0,0.0,0.0,0.0
hindi,big,18,0,0,0,0.0,0.0,0.0
hindi,toy,18,0,0,0,0.0,0.0,0.0
hindi,frog,18,0,0,0,0.0,0.0,0.0
hindi,she,18,0,0,0,0.0,0.0,0.0
hindi,can,18,0,0,0,0.0,0.0,0.0
hindi,red,18,0,0,0,0.0,0.0,0.0
hindi,bags,18,0,0,0,0.0,0.0,0.0
hindi,go,18,0,0,0,0.0,0.0,0.0
hindi,meet,18,0,0,0,0.0,0.0,0.0
hindi,wednesday,18,0,0,0,0.0,0.0,0.0
hindi,at,18,0,0,0,0.0,0.0,0.0
hindi,train,18,0,0,0,0.0,0.0,0.0
hindi,station,18,0,0,0,0.0,0.0,0.0
pakistani,six,21,7,0,7,0.3333333333333333,0.3333333333333333,0.0
pakistani,five,21,7,0,7,0.3333333333333333,0.3333333333333333,0.0
pakistani,three,21,6,0,6,0.2857142857142857,0.2857142857142857,0.0
pakistani,snake,21,1,3,4,0.19047619047619047,0.047619047619047616,0.14285714285714285
pakistani,slabs,21,1,2,3,0.14285714285714285,0.047619047619047616,0.09523809523809523
pakistani,stella,21,0,2,2,0.09523809523809523,0.0,0.09523809523809523
pakistani,for,42,2,2,4,0.09523809523809523,0.047619047619047616,0.047619047619047616
pakistani,can,21,2,0,2,0.09523809523809523,0.09523809523809523,0.0
pakistani,will,21,2,0,2,0.09523809523809523,0.09523809523809523,0.0
pakistani,we,42,2,1,3,0.07142857142857142,0.047619047619047616,0.023809523809523808
pakistani,the,63,3,1,4,0.06349206349206349,0.047619047619047616,0.015873015873015872
pakistani,please,21,0,1,1,0.047619047619047616,0.0,0.047619047619047616
pakistani,call,21,0,1,1,0.047619047619047616,0.0,0.047619047619047616
pakistani,ask,21,0,1,1,0.047619047619047616,0.0,0.047619047619047616
pakistani,her,84,2,2,4,0.047619047619047616,0.023809523809523808,0.023809523809523808
pakistani,to,21,0,1,1,0.047619047619047616,0.0,0.047619047619047616
pakistani,bring,21,0,1,1,0.047619047619047616,0.0,0.047619047619047616
pakistani,these,42,1,1,2,0.047619047619047616,0.023809523809523808,0.023809523809523808
pakistani,things,42,1,1,2,0.047619047619047616,0.023809523809523808,0.023809523809523808
pakistani,with,21,0,1,1,0.047619047619047616,0.0,0.047619047619047616
pakistani,from,21,0,1,1,0.047619047619047616,0.0,0.047619047619047616
pakistani,store,21,0,1,1,0.047619047619047616,0.0,0.047619047619047616
pakistani,spoons,21,1,0,1,0.047619047619047616,0.047619047619047616,0.0
pakistani,of,42,2,0,2,0.047619047619047616,0.047619047619047616,0.0
pakistani,fresh,21,1,0,1,0.047619047619047616,0.047619047619047616,0.0
pakistani,snow,21,1,0,1,0.047619047619047616,0.047619047619047616,0.0
pakistani,peas,21,1,0,1,0.047619047619047616,0.047619047619047616,0.0
pakistani,thick,21,1,0,1,0.047619047619047616,0.047619047619047616,0.0
pakistani,blue,21,1,0,1,0.047619047619047616,0.047619047619047616,0.0
pakistani,cheese,21,1,0,1,0.047619047619047616,0.047619047619047616,0.0
pakistani,and,63,3,0,3,0.047619047619047616,0.047619047619047616,0.0
pakistani,maybe,21,1,0,1,0.047619047619047616,0.047619047619047616,0.0
pakistani,a,63,3,0,3,0.047619047619047616,0.047619047619047616,0.0
pakistani,snack,21,1,0,1,0.047619047619047616,0.047619047619047616,0.0
pakistani,brother,21,1,0,1,0.047619047619047616,0.047619047619047616,0.0
pakistani,bob,21,1,0,1,0.047619047619047616,0.047619047619047616,0.0
pakistani,also,21,1,0,1,0.047619047619047616,0.047619047619047616,0.0
pakistani,need,21,1,0,1,0.047619047619047616,0.047619047619047616,0.0
pakistani,small,21,1,0,1,0.047619047619047616,0.047619047619047616,0.0
pakistani,plastic,21,1,0,1,0.047619047619047616,0.047619047619047616,0.0
pakistani,big,21,1,0,1,0.047619047619047616,0.047619047619047616,0.0
pakistani,toy,21,1,0,1,0.047619047619047616,0.047619047619047616,0.0
pakistani,frog,21,1,0,1,0.047619047619047616,0.047619047619047616,0.0
pakistani,kids,21,1,0,1,0.047619047619047616,0.047619047619047616,0.0
pakistani,she,21,1,0,1,0.047619047619047616,0.047619047619047616,0.0
pakistani,scoop,21,1,0,1,0.047619047619047616,0.047619047619047616,0.0
pakistani,into,21,1,0,1,0.047619047619047616,0.047619047619047616,0.0
pakistani,red,21,1,0,1,0.047619047619047616,0.047619047619047616,0.0
pakistani,bags,21,1,0,1,0.047619047619047616,0.047619047619047616,0.0
pakistani,go,21,1,0,1,0.047619047619047616,0.047619047619047616,0.0
pakistani,meet,21,1,0,1,0.047619047619047616,0.047619047619047616,0.0
pakistani,wednesday,21,1,0,1,0.047619047619047616,0.047619047619047616,0.0
pakistani,at,21,1,0,1,0.047619047619047616,0.047619047619047616,0.0
pakistani,train,21,1,0,1,0.047619047619047616,0.047619047619047616,0.0
pakistani,station,21,1,0,1,0.047619047619047616,0.047619047619047616,0.0
